,Name_Store,Address
0,Aachtal,"Schrofenstrasse 19, 8580 Amriswil"
1,Aadorf,"Bahnhofstrasse 2, 8355 Aadorf"
2,Aarau - Igelweid,"Igelweid 18, 5000 Aarau"
3,Aarau Bahnhof,"Bahnhofplatz 3h, 5000 Aarau"
4,Abtwil - Säntispark,"Wiesenbachstrasse 7, 9030 Abtwil SG"
5,Adligenswil,"Obgardirain 1, 6043 Adligenswil"
6,Adliswil,"Albisstrasse 10, 8134 Adliswil"
7,Aesch,"Hauptstrasse 95, 4147 Aesch"
8,Affoltern a. A.,"Oberdorfstrasse 4, 8910 Affoltern am Albis"
9,Aigle - Chablais Centre,"Ch. Sous-le-Grand Pré 4, 1860 Aigle"
10,Aigle gare,"Place de la gare 5, 1860 Aigle"
11,Allschwil - Binningerstr.,"Binningerstrasse 91, 4123 Allschwil"
12,Allschwil - Paradies,"Spitzwaldstrasse 215, 4123 Allschwil"
13,Allschwil - Ziegelei,"Baslerstrasse 191, 4123 Allschwil"
14,Alnatura Bio Super Markt Baden,"Bahnhofstrasse 31, 5400 Baden"
15,Alnatura Bio Super Markt Basel Kirschgarten,"Henric Petri-Strasse 20, 4051 Basel"
16,Alnatura Bio Super Markt Bern,"Bärenplatz 8, 3011 Bern"
17,Alnatura Bio Super Markt Bülach,"Bahnhofstrasse 28, 8180 Bülach"
18,Alnatura Bio Super Markt Oerlikon,"Baumackerstrasse 35, 8050 Zürich-Oerlikon"
19,Alnatura Bio Super Markt Solothurn,"Hauptgasse 28, 4500 Solothurn"
20,Alnatura Bio Super Markt St. Gallen,"St. Leonhard-Strasse 33, 9001 St. Gallen"
21,Alnatura Bio Super Markt Winterthur-Grüze,"Industriestrasse 11, 8400 Winterthur"
22,Alnatura Bio Super Markt Zürich-City,"Löwenstrasse 31, 8001 Zürich"
23,Alnatura Bio Super Markt Zürich-Höngg,"Kappenbühlweg 5, 8049 Zürich"
24,Altdorf,"Gitschenstrasse 14, 6460 Altdorf"
25,Altstätten SG,"Stossstrasse 2, 9450 Altstätten SG"
26,Amriswil - Amriville,"Kirchstrasse 11, 8580 Amriswil"
27,Andelfingen,"Weinlandstrasse 4, 8451 Kleinandelfingen"
28,Appenzell,"Unteres Ziel, 9050 Appenzell"
29,Arbedo Castione,"Via Corogna, 6532 Castione"
30,Arbon,"St. Gallerstrasse 6, 9320 Arbon"
31,Ascona,"Via Muraccio 2, 6612 Ascona"
32,Au SG,"Nollenhornstrasse 9, 9434 Au SG"
33,Avenches,"Route de Pré-Vert 5, 1580 Avenches"
34,Avry Centre,"Route de Matran 9, 1754 Avry-sur-Matran"
35,Baar,"Bahnhofstrasse 5, 6340 Baar"
36,Bad Zurzach,"Promenadenstrasse 10, 5330 Bad Zurzach"
37,Baden - City,"Bahnhofstrasse 40/42, 5400 Baden"
38,Balsthal,"Goldgasse 13, 4710 Balsthal"
39,Basel - Bahnhof SBB,"Centralbahnstrasse 10, 4051 Basel"
40,Basel - Burgfelder,"Burgfelderstrasse 11, 4055 Basel"
41,Basel - Claramarkt,"Untere Rebgasse 11, 4058 Basel"
42,Basel - Drachen-Center,"Aeschenvorstadt 24, 4051 Basel"
43,Basel - Dreispitz MParc,"Münchensteinerstrasse 200, 4053 Basel"
44,Basel - Gundelitor,"Güterstrasse 180, 4053 Basel"
45,Basel - Juniors Market,"Grenzacherstrasse 62/64, 4058 Basel"
46,Basel - Märtplatz,"Eisengasse 12, 4051 Basel"
47,Basel - Stücki,"Hochbergerstrasse 70, 4057 Basel"
48,Basel - Zürcherstrasse,"Zürcherstrasse 160, 4052 Basel"
49,Bassersdorf,"Baltenswilerstrasse 5a, 8303 Bassersdorf"
50,Bauma,"Heinrich - Gujerstrasse 10, 8494 Bauma"
51,Bazenheid,"Wilerstrasse 17, 9602 Bazenheid"
52,Bellinzona - Piazza del Sole,"Piazza Rinaldo Simen 8, 6500 Bellinzona"
53,Belp,"Steinbachstrasse 28, 3123 Belp"
54,Berikon - Mutschellen,"Bellikerstrasse 13, 8965 Berikon"
55,Beringen,"Schaffhauserstrasse 72, 8222 Beringen"
56,Bern - Bachmätteli,"Bottigenstrasse 7, 3018 Bern"
57,Bern - Bethlehem,"Riedbachstrasse 10, 3027 Bern"
58,Bern - Breitenrain,"Breitenrainstrasse 11, 3013 Bern"
59,Bern - Bubenberg,"Bubenbergplatz 8, 3011 Bern"
60,Bern - Freudenberg,"Giacomettistrasse 15, 3006 Bern"
61,Bern - Marktgasse,"Marktgasse 46, 3011 Bern"
62,Bern - Winkelried,"Wankdorffeldstrasse 71, 3014 Bern"
63,Bern - Zähringer,"Zähringerstrasse 43, 3012 Bern"
64,Bex,"Rue Centrale 43-45, 1880 Bex"
65,Biasca,"Via General Guisan 26, 6710 Biasca"
66,Biberist,"Hauptstrasse 21, 4562 Biberist"
67,Biel - Bielerhof,"Bahnhofstrasse 15, 2502 Biel/Bienne"
68,Biel - Bözingen,"Schlösslistrasse 7, 2504 Biel/Bienne"
69,Biel Stadion,"Sportallee 20, 2503 Biel"
70,Binningen - Gorenmatt,"Gorenmattstrasse 17, 4102 Binningen"
71,Birmensdorf,"Zürcherstrasse 15, 8903 Birmensdorf ZH"
72,Birsfelden,"Chrischonastrasse 2, 4127 Birsfelden"
73,Bischofszell,"Steigstrasse 5, 9220 Bischofszell"
74,Bière,"Le Centre, 1145 Bière"
75,Blonay,"Route du Village 37, 1807 Blonay"
76,Bremgarten,"Zürcherstrasse 8, 5620 Bremgarten AG"
77,Bremgarten AG,"Zufikerstrasse 2, 5620 Bremgarten AG"
78,Bremgarten Kalchacker,"Kalchackerstrasse 9, 3047 Bremgarten b. Bern"
79,Brienz,"Hauptstrasse 51, 3855 Brienz BE"
80,Brig,"Belalpstrasse 1, 3900 Brig"
81,Bronschhofen,"Amp-Strasse 2, 9552 Bronschhofen"
82,Brugg - Neumarkt,"Neumarkt 1, 5200 Brugg AG"
83,Brunnen - Bahnhofsmärcht,"Bahnhofplatz 19, 6440 Brunnen"
84,Brügg - Centre Brügg,"Erlenstrasse 40, 2555 Brügg b. Biel"
85,Bubendorf,"Grüngenstrasse 1, 4416 Bubendorf"
86,Buchrain - Tschannhof,"Unterdorfstrasse, 6033 Buchrain"
87,Buchs AG - Wynecenter,"Bresteneggstrasse 9b, 5033 Buchs AG"
88,Buchs SG,"Churerstrasse 10, 9470 Buchs SG"
89,Bulle - Gruyère-Centre,"Rue Château d'En-Bas 2, 1630 Bulle"
90,Buochs,"Ennetbürgerstrasse 45, 6374 Buochs"
91,Burgdorf - Neumarkt,"Lyssachstrasse 27, 3400 Burgdorf"
92,Bussigny,"Rue de la Gare 2, 1030 Bussigny-Lausanne"
93,Bülach - Sonnenhof,"Bahnhofstrasse 28, 8180 Bülach"
94,Bülach Süd,"Feldstrasse 85, 8180 Bülach"
95,Bürglen/Altdorf - Urnertor,"Gotthardstrasse 67, 6460 Altdorf UR"
96,Bütschwil,"Landstrasse 41, 9606 Bütschwil"
97,Carouge - MParc La Praille,"Avenue Vibert 32, 1227 Carouge GE"
98,Carouge - Vibert,"Avenue Vibert 29, 1227 Carouge GE"
99,Caslano,"Via Stazione 80, 6987 Caslano"
100,Centro Agno,"Via Lugano 21, 6982 Agno"
101,Centro S.Antonino,"Via Serrai 5, 6592 S. Antonino"
102,Cernier,"Rue Comble-Emine 5, 2053 Cernier"
103,Cham - Neudorf,"Zugerstrasse 15/17, 6330 Cham"
104,Chavannes - Renens,"Avenue du Tir-Fédéral 12, 1022 Chavannes-Renens"
105,Chavannes les Cèdres,"Avenue de la Gare 84, 1022 Chavannes-près-Renens"
106,Chez-le-Bart - Béroche,"Rue de Combamare 21, 2025 Chez-le-Bart"
107,Chiasso - Boffalora,"Via Bernardino Luini, 6830 Chiasso"
108,Chur - Calandapark,"Pargherastrasse 1-3, 7000 Chur"
109,Chur - Gäuggeli,"Gäuggelistrasse 28, 7000 Chur"
110,Chur Masans,"Masanserstrasse 240, 7000 Chur"
111,Churwalden,"Hauptstrasse 146, 7075 Churwalden"
112,Châtel-St-Denis,"Rte de Montreux 56, 1618 Châtel-St-Denis"
113,Chêne-Bourg,"Avenue de Bel-Air 12, 1225 Chêne-Bourg"
114,Clarens - Centre,"Rue du Léman 9, 1815 Clarens"
115,Collombey,"Entre-deux-Fossaux, 1868 Collombey"
116,Collombey,"Pré du Pont 103, 1868 Collombey"
117,Collonge-Bellerive - Vésenaz,"Route de Thonon 55, 1245 Collonge-Bellerive"
118,Colombier,"Avenue de la Gare 16, 2013 Colombier NE"
119,Conthey - Forum des Alpes,"Route des Rottes 15, 1964 Conthey"
120,Cortaillod,"Chemin de Ronzi 2, 2016 Cortaillod"
121,Cossonay,"Route des Chavannes 1, 1304 Cossonay-Ville"
122,Courtepin,"Route de l'Industrie 25, 1784 Courtepin"
123,Crans-Montana,"Route du Rawyl 32, 3963 Crans-Montana"
124,Crissier,"Chemin du Closalet 7, 1023 Crissier"
125,Crocifisso di Savosa,"Via San Gottardo 150, 6942 Savosa"
126,Cugy,"Route de Bottens 1, 1053 Cugy VD"
127,D+G Losone,"Via dei Pioppi 2A, 6616 Losone"
128,Davos Symondpark,"Promenade 105, 7270 Davos Platz"
129,Davos-Dorf,"Promenade 146, 7260 Davos Dorf"
130,Degersheim,"Hauptstrasse 81, 9113 Degersheim"
131,Delémont,"Rue de la Maltière 12, 2800 Delémont"
132,Delémont - MParc,"Rue Emile-Boéchat 79, 2800 Delémont"
133,Denner Arena Thal Supermarkt,"Wiesentalstrasse 4, 9425 Thal"
134,Denner Bern Brunnmattstrasse,"Brunnmattstrasse 22-24, 3007 Bern"
135,Denner Bern Scheibenstrasse,"Scheibenstrasse 29, 3014 Bern"
136,Denner Bernstrasse,"Bernstrasse 110, 6003 Luzern"
137,Denner Biberist,"Untere Neumatt, 4562 Biberist"
138,Denner Breitenbach,"Wydenmatten 1a, 4226 Breitenbach"
139,Denner Brünigstrasse,"Brünigstrasse 16-18, 6005 Luzern"
140,Denner Buchs Bahnhofstrasse,"Bahnhofstrasse 16, 9470 Buchs SG"
141,Denner Chur Kornplatz,"Kornplatz 6, 7000 Chur"
142,Denner Davos Platz,"Promenade 108, 7270 Davos 2"
143,Denner Dornach,"Hauptstrasse 4, 4143 Dornach"
144,Denner Europaplatz,"Europaplatz 1, 3008 Bern"
145,Denner Fislisbach,"Badenerstrasse 5c, 5442 Fislisbach"
146,Denner Flamatt,"Bernstrasse 36, 3175 Flamatt"
147,Denner Fully,"Chemin de Provence 4, 1926 Fully"
148,Denner Gals,"Bernstrasse 13, 3238 Gals"
149,Denner Gossau SG,"Andwilerstrasse 2, 9200 Gossau SG"
150,Denner Granges,"Rte du Moulin 12, 3977 Granges VS"
151,Denner Gränichen,"Lindenplatz 2, 5722 Gränichen"
152,Denner Haag,"Rheinstrasse 2, 9469 Haag (Rheintal)"
153,Denner Kilchberg ZH,"Hochweidstrasse 3, 8802 Kilchberg ZH"
154,Denner La Neuveville,"Chemin des Vergers 20, 2520 La Neuveville"
155,Denner Liebefeld,"Waldeggstrasse 30, 3097 Liebefeld"
156,Denner Mellingen,"Lenzburgerstrasse 50, 5507 Mellingen"
157,Denner Menzingen,"Neudorfstrasse 33, 6313 Menzingen"
158,Denner Montana,"Rue Théodore Stéphani 6, 3963 Crans-Montana"
159,Denner Möhlin,"Hauptstrasse 41, 4313 Möhlin"
160,Denner Münchenbuchsee,"Fellenbergstrasse 11, 3053 Münchenbuchsee"
161,Denner Oensingen,"Bienkenstrasse 26, 4702 Oensingen"
162,Denner Reinach,"Niederbergstrasse 1, 4153 Reinach BL"
163,Denner Reinach Dorf,"Angensteinerstrasse 2, 4153 Reinach BL"
164,Denner Riazzino,"Via Cantonale 34, 6595 Riazzino"
165,Denner Riehen,"Rauracherstrasse 24, 4125 Riehen"
166,Denner Riehen Baselstrasse,"Baselstrasse 58, 4125 Riehen"
167,Denner Rubigen,"Alte Belpstrasse 1, 3113 Rubigen"
168,Denner Ruswil,"Rüediswilerstrasse 79, 6017 Ruswil"
169,Denner Seftigenstrasse,"Seftigenstrasse 45, 3007 Bern"
170,Denner St. Gallen EKZ Silberturm,"Rorschacherstrasse 152-154, 9006 St. Gallen"
171,Denner St. Gallen Langgasse,"Langgasse 26, 9008 St. Gallen"
172,Denner St. Gallen Lukasstrasse,"Lukasstrasse 69, 9016 St. Gallen"
173,Denner Stein,"Brotkorbstrasse 1, 4332 Stein AG"
174,Denner Suhr,"Mittlere Dorfstrasse 7, 5034 Suhr"
175,Denner Sälistrasse,"Sälistrasse 21, 6005 Luzern"
176,Denner Therwil,"Bahnhofstrasse 17a, 4106 Therwil"
177,Denner Villmergen,"Dorfplatz 8, 5612 Villmergen"
178,Denner Wetzikon,"Bahnhofstrasse 19, 8620 Wetzikon ZH 1"
179,Denner Widnau EKZ Rhyland,"Bahnhofstrasse, 9443 Widnau"
180,Denner Wittigkofen EKZ,"Jupiterstrasse 15, 3015 Bern"
181,Denner Zürich Bucheggplatz,"Hofwiesenstrasse 135, 8057 Zürich"
182,Denner Zürich Letzipark,"Baslerstrasse 50, 8048 Zürich"
183,Denner Zürich Regensbergstrasse,"Regensbergstrasse 309, 8050 Zürich"
184,Denner Zürich Sihlhallenstrasse,"Sihlhallenstrasse 5-7, 8004 Zürich"
185,Denner Zürich Winterthurerstrasse,"Winterthurerstrasse 83, 8006 Zürich"
186,Derendingen,"Hauptstrasse 22, 4552 Derendingen"
187,Dielsdorf,"Ruchwiesenstrasse 2, 8157 Dielsdorf"
188,Diepoldsau,"Hintere Kirchstrasse 1, 9444 Diepoldsau"
189,Diessenhofen,"Bahnhofstrasse 15, 8253 Diessenhofen"
190,Dietikon - Bernstrasse,"Bernstrasse 386, 8953 Dietikon"
191,Dietikon - Limmatfeld,"Überlandstrasse 22, 8953 Dietikon"
192,Dietikon - Löwenzentrum,"Löwenstrasse 28, 8953 Dietikon"
193,Domat-Ems,"Via La Val 1, 7013 Domat/Ems"
194,Domdidier,"Grand-Rhain 54, 1564 Domdidier"
195,Dättnau,"Ziegeleiplatz 2, 8406 Dättnau"
196,Döttingen,"Hauptstrasse 17, 5312 Döttingen"
197,Dübendorf,"Unterdorfstrasse 7, 8600 Dübendorf"
198,Dübendorf - Hochbord Nord,"Neugutstrasse 83, 8600 Dübendorf"
199,Dübendorf Stettbach,"Am Stadtrand 5, 8600 Dübendorf"
200,Düdingen,"Käsereistrasse 3, 3186 Düdingen"
201,Ebikon - Ladengasse,"Zentralstrasse 16, 6030 Ebikon"
202,Ebikon - Mall of Switzerland,"Ebisquare-Strasse 1, 6030 Ebikon"
203,Ebmatingen,"Zürichstrasse 108, 8123 Ebmatingen"
204,Ebnat-Kappel,"Kapplerstrasse 16, 9642 Ebnat-Kappel"
205,Echallens,"Rue de Praz-Palud 2, 1040 Echallens"
206,Ecublens - Croset,"chemin du Croset 7, 1024 Ecublens VD"
207,Ecublens - EPFL,"Louis Favre 8A, 1024 Ecublens VD"
208,Effretikon - Effi-Märt,"Märtplatz 5, 8307 Effretikon"
209,Egerkingen - Gäupark,"Hausimollstrasse 1, 4622 Egerkingen"
210,Egg,"Gewerbestrasse 2-10, 8132 Egg b. Zürich"
211,Eglisau-Nord,"Bauelenzelgstrasse 16, 8193 Eglisau"
212,Egolzwil - Schötz,"Grosmatt 1, 6243 Egolzwil"
213,Einsiedeln,"Eisenbahnstrasse 2, 8840 Einsiedeln"
214,Elgg,"St. Gallerstrasse 16, 8353 Elgg"
215,Embrach,"Bülacherstrasse 17, 8424 Embrach"
216,Emmen - Kapf,"Kapfstrasse 3, 6020 Emmenbrücke"
217,Emmen - Wohncenter,"Seetalstrasse 50, 6020 Emmenbrücke"
218,Emmenbrücke - Sonnenplatz,"Sonnenplatz 1, 6020 Emmenbrücke"
219,Engelberg,"Klosterstrasse 5, 6390 Engelberg"
220,Epalinges,"Place de la Croix-Blanche 11, 1066 Epalinges"
221,Erlenbach - Erlibacher Märt,"Bahnhofstrasse 42, 8703 Erlenbach ZH"
222,Erlinsbach,"Zentrum Rössli, 5018 Erlinsbach AG"
223,Erstfeld,"Gotthardstrasse 144, 6472 Erstfeld"
224,Eschenbach,"Rickenstrasse 12, 8733 Eschenbach SG"
225,Estavayer-le-Lac,"Route de la Chapelle 24, 1470 Estavayer-le-Lac"
226,Etoy,"Route Suisse 26, 1163 Etoy"
227,Etoy,"Rte Noyer Girod 1, 1163 Etoy"
228,Ettingen,"Therwilerstrasse 9, 4107 Ettingen"
229,Fahrwangen,"Hintergasse 12, 5615 Fahrwangen"
230,Faido,"Via Pian della Croce, 6760 Faido"
231,Fehraltorf,"Grundstrasse 4, 8320 Fehraltorf"
232,Fiesch,"Furkastrasse 46, 3984 Fiesch"
233,Flawil,"Magdenauerstrasse 10, 9230 Flawil"
234,Fleurier,"Grand-Rue 27, 2114 Fleurier"
235,Frauenfeld - Bahnhofstrasse,"Bahnhofstrasse 76a, 8500 Frauenfeld"
236,Frauenfeld - Multiplex,"Langfeldstrasse 53a, 8500 Frauenfeld"
237,Frauenfeld - Passage,"Bahnhofplatz 70-72, 8500 Frauenfeld"
238,Fribourg - Beauregard,"Chemin de Béthléem 7, 1700 Fribourg"
239,Fribourg - Pérolles,"Boulevard de Pérolles 21 A, 1700 Fribourg"
240,Fribourg Gare,"Rue Louis-d'Affry 2, 1701 Fribourg"
241,Fribourg Ste-Thérèse,"Route de Sainte-Thérèse 2a, 1700 Fribourg"
242,Frick,"Hauptstrasse 44, 5070 Frick"
243,Frutigen,"Kanderstegstrasse 31, 3714 Frutigen"
244,Fällanden,"Unterdorfstrasse 2, 8117 Fällanden"
245,Füllinsdorf - Schönthal,"Ergolzstrasse 2, 4414 Füllinsdorf"
246,Gebenstorf,"Wambisterstrasse, 5412 Gebenstorf"
247,Gelterkinden,"Badweg 2, 4460 Gelterkinden"
248,Genève - Balexert,"Avenue Louis-Casaï 27, 1211 Genève 28"
249,Genève - Charmilles,"Promenade de l'Europe 11, 1203 Genève"
250,Genève - Cornavin Gare,"Place de Cornavin 3-7, 1201 Genève"
251,Genève - Jonction,"Boulevard Carl-Vogt 6, 1205 Genève"
252,Genève - Les Cygnes,"Rue de Lausanne 18-20, 1201 Genève"
253,Genève - Villereuse,"Rue de la Terrassière 29, 1207 Genève"
254,Giubiasco - Alle Bolle,"Via Bellinzona 33, 6512 Giubiasco"
255,Gland,"Rue de Mauverney 22, 1196 Gland"
256,Glarus - Zentrum Glärnisch,"Schweizerhofstrasse 6, 8750 Glarus"
257,Glattbrugg,"Wallisellerstrasse 8, 8152 Glattbrugg"
258,Glis - Simplon,"Kantonsstrasse 58, 3902 Glis"
259,Goldach,"Ulrich-Rösch-Strasse 5, 9403 Goldach"
260,Goldau,"Parkstrasse 25, 6410 Goldau"
261,Gossau,"St. Gallerstrasse 115, 9200 Gossau SG"
262,Gossau - Stadtbühlpark,"Stadtbühlstrasse 12, 9200 Gossau SG"
263,Gossau ZH,"Im Zentrum 3, 8625 Gossau ZH"
264,Gradelle,"Chemin de la Gradelle 10, 1224 Chêne-Bougeries"
265,Grancia,"Parco Commerciale Grancia, 6916 Grancia"
266,Grancia Do it + Garden,"Via alla Roggia 1, 6926 Montagnola"
267,Granges-Paccot - Centre,"route d'Agy 2, 1763 Granges-Paccot"
268,Greifensee,"Meierwis, 8606 Greifensee"
269,Grenchen,"Freiestrasse 10, 2540 Grenchen"
270,Gränichen,"Lindenplatz 2, 5722 Gränichen"
271,Gstaad,"Untergstaadstrasse 3, 3780 Gstaad"
272,Gümligen,"Turbenweg 1, 3073 Gümligen"
273,Hasle Rüegsau,"Emmenau 3, 3415 Hasle-Rüegsau"
274,Haute-Nendaz,"Lake Placid, rte des Ecluses 23, 1997 Haute-Nendaz"
275,Heiden,"Sonnentalstrasse 2, 9410 Heiden"
276,Heimberg,"Bernstrasse 223, 3627 Heimberg"
277,Hergiswil NW,"Seestrasse 15, 6052 Hergiswil NW"
278,Herzogenbuchsee,"Bernstrasse 33, 3360 Herzogenbuchsee"
279,Hilterfingen,"Staatsstrasse 16b, 3652 Hilterfingen"
280,Hinterkappelen - Chappelemärit,"Kappelenring 2, 3032 Hinterkappelen"
281,Hinwil,"Bachtelstrasse 12, 8340 Hinwil"
282,Hittnau,"Jakob Stutz-Strasse 75, 8335 Hittnau"
283,Hitzkirch,"Richensee 2, 6285 Hitzkirch"
284,Hochdorf - Seetal-Center,"Hauptstrasse 5, 6280 Hochdorf"
285,Hombrechtikon,"Rütistrasse 16, 8634 Hombrechtikon"
286,Horgen - Schinzenhof,"Alte Landstrasse 24, 8810 Horgen"
287,Horw,"Gemeindehausplatz 14+15, 6048 Horw"
288,Huttwil,"Bernstrasse 6, 4950 Huttwil"
289,Hünibach,"Staatsstrasse 134, 3626 Hünibach"
290,Ibach-Schwyz - Mythen-Center,"Mythen-Centerstr. 18, 6438 Ibach"
291,Ilanz - Center Marcau,"Poststrasse 4, 7130 Ilanz"
292,Interlaken,"Rugenparkstrasse 1, 3800 Interlaken"
293,Interlaken Lindenalle,"Lindenallee 98, 3800 Interlaken"
294,Ittigen,"Talweg 6, 3063 Ittigen"
295,Jona - Stadttor,"Molkereistrasse 5, 8645 Jona"
296,Kerzers,"Murtenstrasse 15, 3210 Kerzers"
297,Kirchberg,"Solothurnstrasse 17a, 3422 Kirchberg BE"
298,Kirchberg-Stelz,"Wilerstrasse 204, 9533 Kirchberg SG"
299,Kloten,"Kirchgasse 5, 8302 Kloten"
300,Kollbrunn,"Tösstalstrasse 24, 8483 Kollbrunn"
301,Konolfingen,"Thunstrasse 17, 3510 Konolfingen"
302,Kreuzlingen,"Hauptstrasse 63, 8280 Kreuzlingen"
303,Kreuzlingen,"Romanshornerstr. 111, 8280 Kreuzlingen"
304,Kreuzlingen - Seepark,"Bleichestrasse 15, 8280 Kreuzlingen"
305,Kriens - Hofmatt,"Luzernerstrasse 30, 6010 Kriens"
306,Kriens - Mattenhof,"Am Mattenhof 2, 6010 Kriens"
307,Köniz - Bläuacker,"Bläuacker 10, 3098 Köniz"
308,Küsnacht ZH,"Zürichstrasse 149, 8700 Küsnacht ZH"
309,Küssnacht - Rigimärt,"Siegwartstrasse 11, 6403 Küssnacht am Rigi"
310,La Chaux-de-Fonds - Métropole Centre,"Rue Daniel-Jeanrichard 23, 2300 La Chaux-de-Fonds"
311,La Chaux-de-Fonds Les Eplatures,"Charles Naine 44, 2300 La Chaux-de-Fonds"
312,La Roche,"Haut de Scherwil 2, 1634 La Roche FR"
313,La Tour de Trême,"Route de Pra-Riond 2, 1635 La Tour-de-Trême"
314,La Tour-de-Peilz,"Place des Anciens-Fossés 10B, 1814 La Tour-de-Peilz"
315,La Vallée,"Rue de la Gare 7, 1347 Le Sentier"
316,Lachen,"Feldstrasse 6, 8853 Lachen SZ"
317,Lancy-Onex,"Rue des Bossons 78-80, 1213 Petit-Lancy"
318,Landquart,"Bahnhofstrasse 54, 7302 Landquart"
319,Langendorf - Ladedorf,"Fabrikstrasse 6, 4513 Langendorf"
320,Langenthal,"Wiesenstrasse 28, 4900 Langenthal"
321,Langenthal - MParc,"Murgenthalstrasse 17, 4900 Langenthal"
322,Langnau a. A.,"Hintere Grundstrasse 2, 8135 Langnau am Albis"
323,Langnau i.E.,"Schlossstrasse 1a, 3550 Langnau i. E."
324,Laufen - Birscenter,"Bahnhofstrasse 4, 4242 Laufen"
325,Lausanne - Bellevaux,"Route Aloys-Fauquez 97, 1018 Lausanne"
326,Lausanne - Bergières,"Avenue des Bergières 50, 1004 Lausanne"
327,Lausanne - Chailly,"Avenue de la Vallonnette 2, 1012 Lausanne"
328,Lausanne - Closelet,"Avenue d'Ouchy 11, 1006 Lausanne"
329,Lausanne - Cour,"Avenue de Cour 36, 1007 Lausanne"
330,Lausanne - La Borde,"Rue de la Borde 3B, 1018 Lausanne"
331,Lausanne - La Harpe,"Avenue de la Harpe 17, 1007 Lausanne"
332,Lausanne - La Sallaz,"Route de Berne 1, 1010 Lausanne"
333,Lausanne - Métropole,"Rue des Terreaux 25, 1003 Lausanne"
334,Lausanne - Pontaise,"Avenue Jomini 11, 1018 Lausanne"
335,Lausanne - Saint-Paul,"Avenue d'Echallens 63, 1004 Lausanne"
336,Lausanne - Sévelin,"Av. de Sévelin 2 Ab, 1007 Lausanne"
337,Lavaux,"Restoroute de Lavaux, 1091 Aran"
338,Le Bouveret,"En Bellossy, 1897 Bouveret"
339,Le Landeron,"Route de Neuchâtel 40, 2525 Le Landeron"
340,Le Locle,"Rue Bournot 35, 2400 Le Locle"
341,Lenzburg,"Bachstrasse 15, 5600 Lenzburg"
342,Leukerbad,"Kantonstrasse, 3954 Leukerbad"
343,Leysin,"Route de la Cité 16, 1854 Leysin"
344,Liestal,"Kasernenstrasse 8, 4410 Liestal"
345,Locarno - Mercato,"Via Stefano Franscini 31, 6600 Locarno"
346,Locarno - Solduno,"Via A. Franzoni 43, 6604 Locarno"
347,Lostorf,"Hauptstrasse 20, 4654 Lostorf"
348,Lugano - Cassarate-Lago,"Viale Castagnola, 6900 Lugano"
349,Lugano - Città,"Via Pretorio 15, 6900 Lugano"
350,Lugano - Molino Nuovo,"Via Monte Boglia 5, 6900 Lugano"
351,Lugano - Paradiso,"Via Geretta, 6902 Lugano 2 Paradiso Caselle"
352,Lupfig,"Flachsacherstrasse 17, 5242 Lupfig"
353,Lutry – La Conversion,"Route de la Conversion 314, 1093 La Conversion"
354,Luzern - Allmend,"Zihlmattweg 46, 6005 Luzern"
355,Luzern - Bruchstrasse,"Bruchstrasse 18, 6003 Luzern"
356,Luzern - Brüelstrasse,"Kreuzbuchstrasse 53, 6006 Luzern"
357,Luzern - Grossmatte,"Luzernerstrasse 143, 6014 Luzern"
358,Luzern - Schlossberg,"Friedentalstrasse 6, 6004 Luzern"
359,Luzern - Schweizerhof,"Hertensteinstrasse 9, 6004 Luzern"
360,Luzern - Schönbühl,"Langensandstr. 23, 6005 Luzern"
361,Luzern - Waldstätter,"Winkelriedstrasse 58, 6003 Luzern"
362,Luzern - Würzenbachstrasse,"Würzenbachstrasse 19, 6006 Luzern"
363,Lyss Lyssbachpark,"Steinweg 28, 3250 Lyss"
364,M Boudry,"Avenue du Collège 37, 2017 Boudry"
365,MP La Sarraz,"Chemin des Prés-Morés 2, 1315 La Sarraz"
366,Maggia,"Via Cantonale, 6673 Maggia"
367,Malters,"Weihermatte 7a/7b, 6102 Malters"
368,Marin-Centre,"Rue Fleur-de-Lys 26, 2074 Marin-Epagnier"
369,Marly - Centre,"Route des Pralettes 1, 1723 Marly"
370,Martigny - Manoir,"Rue du Manoir 1, 1920 Martigny"
371,Martigny Quartz Center,"Avenue de Fully 63, 1920 Martigny"
372,Massagno - Radio,"Via Besso 74, 6900 Massagno"
373,Matten,"Aegertiweg 33, 3812 Wilderswil"
374,Matzingen,"Frauenfelderstrasse 95, 9548 Matzingen"
375,Meilen,"Rosengartenstrasse 10, 8706 Meilen"
376,Meiringen,"Bahnhofstrasse 1, 3860 Meiringen"
377,Melano,"Via Cantonale, 6818 Melano"
378,Mellingen,"Lenzburgerstrasse 50, 5507 Mellingen"
379,Mels - Pizolpark,"Einkaufszentrum, 8879 Pizolpark (Mels)"
380,Mendrisio,"Via L. Lavizzari 2, Piazza alla Valle, 6850 Mendrisio"
381,Mendrisio Sud,"Via Campagna Adorna, 6850 Mendrisio"
382,Menziken,"Sagiweg 8, 5737 Menziken"
383,Meyrin,"Avenue de Feuillasse 24, 1217 Meyrin"
384,Migros Bridge,"Eisgasse 20, 8004 Zürich"
385,Migros Réception Ecublens,"Ch du Devent, 1024 Ecublens"
386,Minusio - Centro Borenco,"Via S.Gottardo 56, 6648 Minusio"
387,Montagny,"En Chamard, 1442 Montagny-près-Yverdon"
388,Montagny,"En Chamard 16, 1442 Montagny-près-Yverdon"
389,Monthey - M Central,"Avenue de la Gare 36, 1870 Monthey"
390,Montreux,"Place du Marché 6, 1820 Montreux"
391,Morbio Inferiore - Serfontana,"Viale Serfontana 20, 6834 Morbio Inferiore"
392,Morges,"Rue de la gare 19, 1110 Morges"
393,Moudon,"Avenue de Préville, 1510 Moudon"
394,Moutier,"Rue de l'Ecluse 1, 2740 Moutier"
395,Muri AG,"Kirchfeldstrasse 8, 5630 Muri AG"
396,Murten/Morat,"Bernstrasse 18, 3280 Murten"
397,Muttenz - Rothausstrasse,"Rothausstrasse 17, 4132 Muttenz"
398,Männedorf,"Alte Landstrasse 262, 8708 Männedorf"
399,Mézières,"Route de la Croix d'Or 2, 1083 Mézières VD"
400,Möhlin,"Hauptstrasse 91, 4313 Möhlin"
401,Müllheim,"Thurstrasse 3, 8555 Müllheim Dorf"
402,Münchenbuchsee - Tanne,"Bernstrasse 14, 3053 Münchenbuchsee"
403,Münchenstein - Gartenstadt,"Kaspar Pfeiffer-Strasse 2, 4142 Münchenstein"
404,Münchwilen,"Wilerstrasse 5, 9542 Münchwilen"
405,Münsingen,"Bahnhofplatz 5, 3110 Münsingen"
406,Naters,"Kelchbachstrasse 16, 3904 Naters"
407,Neuchâtel - Cadolles,"Rue du Plan 28, 2000 Neuchâtel"
408,Neuchâtel - Hôpital,"Rue de l'Hôpital 12, 2000 Neuchâtel"
409,Neuchâtel - Portes-Rouges,"Avenue des Portes-Rouges 46, 2000 Neuchâtel"
410,Neuenkirch,"Luzernstrasse 16, 6206 Neuenkirch"
411,Neunkirch,"Löhningerstrasse 4, 8213 Neunkirch"
412,Neyruz,"Place de la Gare 10, 1740 Neyruz FR"
413,Niederhasli,"Dorfstrasse 20, 8155 Niederhasli"
414,Niederurnen,"Ziegelbrückstrasse 21, 8867 Niederurnen"
415,Noville,"Route du Simplon, 1845 Noville"
416,Nussbaumen - Markthof,"Hertensteinstrasse, 5415 Nussbaumen b.Baden"
417,Nyon - La Combe,"Rue de la Morâche 6, 1260 Nyon"
418,Nyon - Porte de Nyon,"chemin de la Fontaine 1, 1260 Nyon"
419,Näfels,"Oberdorf 44, 8752 Näfels"
420,Oberengstringen,"Im Zentrum 2, 8102 Oberengstringen"
421,Oberglatt,"Kaiserstuhlstrasse 25, 8154 Oberglatt ZH"
422,Oberkirch,"Luzernstrasse 36, 6208 Oberkirch LU"
423,Oberriet,"Staatsstrasse 56, 9463 Oberriet SG"
424,Oberwil,"Mühlemattstrasse 18, 4104 Oberwil BL"
425,Oensingen,"Mühlefeldstrasse 53, 4702 Oensingen"
426,Oftringen,"Zürichstrasse 2, 4665 Oftringen"
427,Olten - Hammer,"Solothurnerstrasse 21, 4600 Olten"
428,Olten - Sälipark,"Louis Giroud-Strasse 20, 4600 Olten"
429,Opfikon - Glattpark,"Thurgauerstrasse 106, 8152 Opfikon"
430,Orbe,"Rue des Terreaux 22, 1350 Orbe"
431,Orbe Gruvatiez,"Route des Granges-Martin 22, 1350 Orbe"
432,Oron-la-Ville,"Route de Lausanne 2, 1610 Oron-la-Ville"
433,Ostermundigen,"Bernstrasse 114, 3072 Ostermundigen"
434,Ostermundigen Poststrasse,"Poststr. 1, 3072 Ostermundigen 1"
435,Outlet Dietlikon - Greenhouse,"Industriestrasse 31, 8305 Dietlikon"
436,Outlet Eglisau,"Sandgruebstrasse 1, 8193 Eglisau"
437,Payerne,"Rue du Temple 19, 1530 Payerne"
438,Peseux,"Rue Jämes-Paris 4, 2034 Peseux"
439,Pfungen,"Weiacherstrasse 1, 8422 Pfungen"
440,Pfäffikon - Seedammcenter,"Gwattstrasse 11, 8808 Pfäffikon SZ"
441,Pfäffikon ZH,"Turmstrasse 9, 8330 Pfäffikon ZH"
442,Pfäffikon ZH,"Bahnhofstrasse 11, 8330 Pfäffikon"
443,Plaffeien,"Obere Matte 9, 1716 Plaffeien"
444,Plan-les-Ouates,"Route de Saint-Julien 176, 1228 Plan-les-Ouates"
445,Porrentruy,"Faubourg St Germain 2, 2900 Porrentruy"
446,Porte de Versoix,"Chemin de l'ancien péage 1, 1290 Versoix"
447,Pratteln,"Burggartenstrasse 21, 4133 Pratteln"
448,Pratteln,"Krummeneichstrasse 39, 4133 Pratteln"
449,Pregassona,"Via alla Bozzoreda 39, 6963 Pregassona"
450,Prilly,"Route de Cossonay 9, 1008 Prilly"
451,Prilly - Malley,"Chemin du Viaduc 1, 1008 Prilly"
452,Préverenges,"Chemin du Vuasset 2, 1028 Préverenges"
453,Puidoux,"Chemin de Publoz 11, 1070 Puidoux"
454,Pully,"Chemin du Pré-de-la-Tour 3, 1009 Pully"
455,Rain,"Gääli 6, 6026 Rain"
456,Rapperswil - Sonnenhof,"Zürcherstrasse 4, 8640 Rapperswil SG"
457,Regensdorf - Zentrum,"Zentrum 1, 8105 Regensdorf"
458,Reichenburg,"Gewerbestrasse 4, 8864 Reichenburg"
459,Reiden,"Hauptstrasse 52, 6260 Reiden"
460,Reinach,"Sternenhofstrasse 10, 4153 Reinach BL"
461,Reinach AG,"Sandgasse 6, 5734 Reinach AG"
462,Renens,"Rue du Silo 7, 1020 Renens VD"
463,Renens - Florissant,"Avenue de Florissant 38, 1020 Renens VD"
464,Renens - Métropole,"Rue de la Mèbre 9, 1020 Renens VD"
465,Renens OBI,"Avenue du Silo 11, 1020 Renens VD"
466,Renens Quai Ouest,"Avenue d'Epenex 4c, 1020 Renens VD"
467,Renens Silo,"Rue du Silo 11, 1020 Renens"
468,Rheineck,"Rhyguetstrasse 2, 9424 Rheineck"
469,Rheinfelden,"Lindenstrasse 3, 4310 Rheinfelden"
470,Riazzino,"Via Cantonale 40, 6595 Riazzino"
471,Richterswil,"Schützengass 4, 8805 Richterswil"
472,Rolle,"Av. de la Gare 17, 1180 Rolle"
473,Romanel-sur-Lausanne,"En Félezin, 1032 Romanel-s-Lausanne"
474,Romanshorn - Hubzelg,"Bahnhofstrasse 54a, 8590 Romanshorn"
475,Romont,"Avenue de la Gare 7, 1680 Romont FR"
476,Rorschach - Trischliplatz,"Trischlistrasse 15, 9400 Rorschach"
477,Rothenburg M-Electronics,"Wahligenstrasse 4, 6023 Rothenburg"
478,Rothrist,"Neue Aarburgstrasse 20, 4852 Rothrist"
479,Rotkreuz,"Buonaserstrasse 1, 6343 Rotkreuz"
480,Ruopigen Zentrum Luzern,"Ruopigeplatz, 6015 Luzern"
481,Ruswil,"Rüediswilerstrasse 79, 6017 Ruswil"
482,Rümlang Hofwisencenter,"Hofwisenstrasse 40A, 8153 Rümlang"
483,Rüschlikon Parkside,"Zürcherstrasse 4, 8803 Rüschlikon"
484,Rüti ZH,"Bandwiesstrasse 6, 8630 Rüti ZH"
485,Saas Fee,"Hôtel du Glacier, 3906 Saas Fee"
486,Saignelégier,"Rue de la Gruère 23, 2350 Saignelégier"
487,Sainte-Croix,"Rue de l'Industrie 21, 1450 Ste-Croix"
488,Samedan,"Cho d`Punt 2, 7503 Samedan"
489,Samedan,"Cho d'Punt 10, 7503 Samedan"
490,Sarnen - Sarnen-Center,"Nelkenstrasse 5, 6060 Sarnen"
491,Savièse,"Centre Commercial du Stade, 1965 Savièse"
492,Saxon,"Rue de Gottefrey 38, 1907 Saxon"
493,Schaan,"Im Rösle 2, 9494 Schaan"
494,Schaffhausen - Buchthalen,"Dürstlingweg 2, 8203 Schaffhausen"
495,Schaffhausen - Herblinger Markt,"Stüdliackerstrasse 4, 8207 Schaffhausen"
496,Schaffhausen - Vorstadt,"Bahnhofstrasse 56/58, 8200 Schaffhausen"
497,Schindellegi,"Pfäffikonerstrasse 19, 8834 Schindellegi"
498,Schlieren - Kesslerplatz,"Badenerstrasse 57, 8952 Schlieren"
499,Schlieren - Rietbach,"Rietbachstrasse 14, 8952 Schlieren"
500,Schlieren - Zentrum,"Güterstrasse 5, 8952 Schlieren"
501,Schwarzenburg,"Freiburgstrasse 5b, 3150 Schwarzenburg"
502,Schöftland,"Picardiestrasse 3, 5040 Schöftland"
503,Schönbühl - Shoppyland,"Industriestrasse 10, 3321 Schönbühl EKZ"
504,Schönenwerd,"C.F. Ballystrasse 14, 5012 Schönenwerd"
505,Schüpfheim,"Vormüli 1, 6170 Schüpfheim"
506,Sembrancher,"Rue de la Chapalette 1, 1933 Sembrancher"
507,Sementina,"via al Ticino 28, 6514 Sementina"
508,Sempach Station,"Mettenwilstrasse 11, 6203 Sempach Station"
509,Seon,"Unterdorfstrasse 21, 5703 Seon"
510,Seuzach,"Winterthurerstrasse 5, 8472 Seuzach"
511,Sierre,"Avenue Général Guisan, 3960 Sierre"
512,Sierre Rossfeld,"Rte des Lacustres, 3960 Sierre"
513,Sion - Métropole,"Avenue de France 14-20, 1950 Sion"
514,Sion - Tourbillon Center,"Avenue Grand-Champsec 30, 1950 Sion"
515,Sirnach,"Winterthurerstrasse 27, 8370 Sirnach"
516,Sissach,"Hauptstrasse 17, 4450 Sissach"
517,Solothurn,"Wengistrasse 13, 4500 Solothurn"
518,Solothurn Baselstrasse,"Baselstrasse 30/32, 4500 Solothurn"
519,Solothurn Öufi,"Bielstrasse 80, 4500 Solothurn"
520,Spiez - Terminus,"Bahnhofstrasse, 3700 Spiez"
521,Spreitenbach,"Shopping-Center, 8957 Spreitenbach"
522,Spreitenbach - Tivoli,"Shoppi Tivoli, 8957 Spreitenbach"
523,St-Maurice,"Av. du Simplon 15, 1890 St-Maurice"
524,St. Gallen - Bruggen,"Fürstenlandstrasse 157, 9014 St. Gallen"
525,St. Gallen - Lachen,"Ulmenstrasse 11, 9000 St. Gallen"
526,St. Gallen - Neumarkt,"St. Leonhardstrasse 35, 9000 St. Gallen"
527,St. Gallen - Spisermarkt,"Brühlgasse 28, 9000 St. Gallen"
528,St. Gallen - St. Fiden,"Bachstrasse 29, 9008 St. Gallen"
529,St. Margrethen - Grenzstrasse,"Grenzstrasse 31, 9430 St. Margrethen SG"
530,St. Margrethen - Rheinpark,"Einkaufszentrum, 9430 St. Margrethen SG"
531,Stabio,"Via Giulia 43, 6855 Stabio"
532,Stalden,"Talstrasse, 3922 Stalden VS"
533,Stans - Länderpark,"Bitzistrasse 2, 6370 Stans"
534,Steckborn,"Im Feldbach 1b, 8266 Steckborn"
535,Steg,"Bahnhofstrasse, 3940 Steg VS"
536,Stein,"Schaffhauserstrasse 61, 4332 Stein AG"
537,Stein am Rhein,"Kaltenbacherstrasse 41, 8260 Stein am Rhein"
538,Steinhausen - Zugerland,"Hinterbergstrasse 40, 6312 Steinhausen"
539,Steinhausen Dorf,"Bahnhofstrasse 2, 6312 Steinhausen"
540,Stäfa,"Goethestrasse 18, 8712 Stäfa"
541,Suhr Suhrepark,"Bernstrasse Ost 52, 5034 Suhr"
542,Sulgen - Passerelle,"Hauptstrasse 3, 8583 Sulgen"
543,Surseepark,"Bahnhofstrasse 28, 6210 Sursee"
544,Tavannes,"Rue de Pierre-Pertuis 11, 2710 Tavannes"
545,Taverne,"Via Cantonale, 6807 Taverne"
546,Taverne,"Via Brüsighell 6, 6807 Taverne"
547,Tenero,"Via al Giardino, 6598 Tenero"
548,Tesserete,"Via Luigi Canonica 40, 6950 Tesserete"
549,Teufen,"Speicherstrasse 8, 9053 Teufen AR"
550,Thalwil,"Alte Landstrasse 130, 8800 Thalwil"
551,Thayngen,"Biberstrasse 30, 8240 Thayngen"
552,Thierrens,"Rue du Collège 6, 1410 Thierrens"
553,Thun - Bälliz,"Bälliz 2, 3600 Thun"
554,Thun - Dürrenast,"Frutigenstrasse 60, 3604 Thun"
555,Thun - Oberland,"Talackerstrasse 62, 3604 Thun"
556,Thun - Panorama Center,"Weststrasse 14, 3604 Thun"
557,Thusis - im Park,"Im Park, 7430 Thusis"
558,Trübbach,"Staatsstrasse 10, 9477 Trübbach"
559,Turbenthal,"Tösstalstrasse 54, 8488 Turbenthal"
560,Tägerwilen,"Hauptstrasse 117, 8274 Tägerwilen"
561,Uetendorf,"Dorfstrasse 21, 3661 Uetendorf"
562,Uitikon-Waldegg,"Zürcherstrasse 8, 8142 Uitikon Waldegg"
563,Unterentfelden,"Binzmattweg 8, 5035 Unterentfelden"
564,Unterägeri,"Zugerstrasse 32, 6314 Unterägeri"
565,Urdorf - Spitzacker,"Birmensdorferstrasse 87, 8902 Urdorf"
566,Uster - Illuster,"Zürichstrasse 20, 8610 Uster"
567,Uster-West,"Winterthurerstrasse 18, 8610 Uster"
568,Utzenstorf - Linde,"Hauptstrasse 29, 3427 Utzenstorf"
569,Uznach - Frohsinn,"Zürcherstrasse 25, 8730 Uznach"
570,Uzwil - Birkenhof,"Lindenstrasse 5, 9240 Uzwil"
571,VOI Aarburg,"Bahnhofstrasse 59, 4663 Aarburg"
572,VOI Aarwangen,"Langenthalstrasse 44, 4912 Aarwangen"
573,VOI Alpnach,"Brünigstrasse 29, 6055 Alpnach Dorf"
574,VOI Baden - Mellingerstrasse,"Mellingerstrasse 142, 5400 Baden"
575,VOI Bern - Fellergut,"Mühledorfstrasse 15, 3018 Bern"
576,VOI Bern - Fischermätteli,"Könizstrasse 60, 3008 Bern"
577,VOI Bern - Kramgasse,"Kramgasse 54, 3011 Bern"
578,VOI Bern - Schosshalde,"Schossshaldenstrasse 16, 3006 Bern"
579,VOI Bern - Spiegel,"Chasseralstrasse 156, 3095 Spiegel b. Bern"
580,VOI Bern - Viktoriastrasse,"Viktoriastrasse 49, 3013 Bern"
581,VOI Beromünster,"Aargauerstrasse 16, 6215 Beromünster"
582,VOI Bettlach,"Dorfstrasse 12, 2544 Bettlach"
583,VOI Biel - Jardin du Paradis,"Jakob-Stämpflistrasse 112, 2502 Biel/Bienne"
584,VOI Biel - Mett,"Schollstrasse 2, 2504 Biel/Bienne"
585,VOI Boll,"Kernstrasse 9, 3067 Boll"
586,VOI Brügg,"Hauptstrasse 17, 2555 Brügg BE"
587,VOI Buchs ZH,"Meierwiesenstrasse 20, 8107 Buchs ZH"
588,VOI Büron,"Sagipark 7, 6233 Büron"
589,VOI Dulliken,"Grundstrasse 1, 4657 Dulliken"
590,VOI Geroldswil,"Huebwiesenstrasse 26b, 8954 Geroldswil"
591,VOI Gland,"Rue du Borgeaud 10d, 1196 Gland"
592,VOI Grindelwald,"Dorfstrasse 155, 3818 Grindelwald"
593,VOI Horgen,"Seestrasse 288, 8810 Horgen"
594,VOI Ins,"Moosgasse 7, 3232 Ins"
595,VOI Jegenstorf,"Solothurnstrasse 24, 3303 Jegenstorf"
596,VOI Kappel,"Mittelgäustrasse 22, 4616 Kappel SO"
597,VOI Lengnau,"Bielstrasse 35, 2543 Lengnau BE"
598,VOI Meyrin - Les Vergers,"3, place de la Diversité, 1217 Meyrin"
599,VOI Niederbipp,"Wydenstrasse 9, 4704 Niederbipp"
600,VOI Niedergösgen,"Aarestrasse 49, 5013 Niedergösgen"
601,VOI Niederlenz,"Lenzburgerstrasse 2, 5702 Niederlenz"
602,VOI Roggwil,"Dorfstrasse 19, 4914 Roggwil BE"
603,VOI Rombach,"Bibersteinstrasse 4, 5022 Rombach"
604,VOI Rümlang,"Lindenstrasse 16, 8153 Rümlang"
605,VOI Safenwil,"Güterstrasse 1A, 5745 Safenwil"
606,VOI Schwerzenbach,"Bahnstrasse 14, 8603 Schwerzenbach"
607,VOI Seengen,"Unterdorfstrasse 7a, 5707 Seengen"
608,VOI Siebnen,"Glarnerstrasse 36, 8854 Siebnen"
609,VOI Stans,"Marktgasse 2, 6370 Stans"
610,VOI Steffisburg,"Bahnhofstrasse 87, 3613 Steffisburg"
611,VOI Strengelbach,"Langenthalerstrasse 1, 4802 Strengelbach"
612,VOI Studen,"Hauptstrasse 65, 2557 Studen"
613,VOI Sumiswald,"Spitalstrasse 10, 3454 Sumiswald"
614,VOI Trimbach,"Chäppeligasse 5, 4632 Trimbach"
615,VOI Wabern,"Seftigenstrasse 259, 3084 Wabern"
616,VOI Wallisellen,"Schäfligrabenstrasse 45, 8304 Wallisellen"
617,VOI Wangen a. Aare,"Vorstadt 14, 3380 Wangen an der Aare"
618,VOI Wichtrach,"Dorfplatz 1, 3114 Wichtrach"
619,VOI Wilderswil,"Hauptstrasse 27, 3812 Wilderswil"
620,VOI Zürich - Hönggerstrasse,"Hönggerstrasse 117, 8037 Zürich"
621,VOI Zürich - In der Ey,"Letzigraben 239, 8047 Zürich"
622,VOI Zürich - Leimbach,"Ankenweid 10, 8041 Zürich"
623,VOI Zürich - Paradies,"Paradiesstrasse 3, 8038 Zürich"
624,VOI Zürich - Witikon,"Loorenstrasse 35, 8053 Zürich"
625,Vallorbe,"Grand-Rue 23, 1337 Vallorbe"
626,Verbier,"Les Arcades, 1936 Verbier"
627,Vevey - Midi Coindet,"Av. Gustave Coindet 11, 1800 Vevey"
628,Vevey Des 2 Gares,"Rue des Moulins 5 b, 1800 Vevey"
629,Villars-Ste-Croix,"Route de Cossonay 3, 1029 Villars-Ste-Croix"
630,Villars-sur-Ollon,"Rue Centrale 99, 1884 Villars-sur-Ollon"
631,Visp,"Brückenweg 10, 3930 Visp"
632,Volketswil,"Im Zentrum 18, 8604 Volketswil"
633,Volketswil,"Industriestrasse 20a, 8604 Volketswil"
634,Volketswil Fachmärkte,"Industriestrasse 20, 8604 Volketswil"
635,Wabern - Chly Wabere,"Seftigenstrasse 368, 3084 Wabern"
636,Wald ZH,"Bahnhofstrasse 20, 8636 Wald ZH"
637,Walenstadt,"Bahnhofstrasse 27, 8880 Walenstadt"
638,Walke,"Walke 39, 9100 Herisau"
639,Wallisellen,"Bahnhofstrasse 30, 8304 Wallisellen"
640,Wallisellen - Glattzentrum,"Neue Winterthurerstrasse 99, 8304 Wallisellen"
641,Wattwil,"Bahnhofstrasse 19, 9630 Wattwil"
642,Weggis,"Luzernerstrasse 44, 6353 Weggis"
643,Weinbergli Luzern,"Tribschenstrasse 62, 6005 Luzern"
644,Weinfelden - Rösslifelsen,"Amriswilerstrasse 12, 8570 Weinfelden"
645,Weinfelden Weststrasse,"Weststrasse 27/29, 8570 Weinfelden"
646,Welle7 Collect-Lounge,"Schanzenstrasse 5, 3008 Bern"
647,Westside Services,"Riedbachstrasse 100, 3027 Bern Brünnen"
648,Wettingen - Landstrasse,"Landstrasse 69, 5430 Wettingen"
649,Wetzikon - Züri-Oberland-Märt,"Bahnhofstrasse 151, 8620 Wetzikon ZH"
650,Wetzikon-Kempten,"Mühlenbühlstrasse 3, 8623 Wetzikon ZH"
651,Widnau - Rhydorf-Center,"Bahnhofstrasse 2, 9443 Widnau"
652,Wil Larag,"Churfirstenstrasse 54, 9501 Wil SG"
653,Wil SG,"Obere Bahnhofstrasse 5, 9500 Wil SG"
654,Wildegg,"Bruggerstrasse 11 c, 5103 Wildegg"
655,Willisau - Chrüzhof,"Ettiswilerstrasse 14, 6130 Willisau"
656,Windisch,"Bachmattstrasse 35, 5210 Windisch"
657,Winterthur - Blumenau,"Wülflingerstrasse 71, 8400 Winterthur"
658,Winterthur - Deutweg,"Pflanzschulstrasse 9, 8400 Winterthur"
659,Winterthur - Hegi,"Hintermühlenstrasse 4, 8409 Winterthur"
660,Winterthur - Neuwiesen,"Strickerstrasse 3, 8400 Winterthur"
661,Winterthur - Obertor,"Stadthausstrasse 31, 8400 Winterthur"
662,Winterthur - Oberwinterthur,"Guggenbühlstrasse 1, 8404 Winterthur"
663,Winterthur - Rosenberg,"Schaffhauserstrasse 152, 8400 Winterthur"
664,Winterthur - Seen,"Hinterdorfstrasse 40, 8405 Winterthur"
665,Winterthur - Töss,"Zürcherstrasse 102, 8406 Winterthur"
666,Winterthur - Wülflingen,"Lindenplatz 1, 8408 Winterthur"
667,Wittenbach,"Oedenhof 1c, 9300 Wittenbach"
668,Wohlen,"Bahnhofstrasse 7, 5610 Wohlen AG"
669,Wolhusen - Dorfmärt,"Entlebucherstr. 36, 6110 Wolhusen"
670,Wollerau Märt Roospark,"Roosstrasse 23, 8832 Wollerau"
671,Worb,"Richigenstrasse 1, 3076 Worb"
672,Wädenswil,"Oberdorfstrasse 27-31, 8820 Wädenswil"
673,Wädenswil Zürisee Center,"Rütistrasse 1, 8820 Wädenswil"
674,Yverdon - Métropole,"Rue de Neuchâtel 3, 1400 Yverdon-les-Bains"
675,Yverdon Sud,"Rue de Lausanne 10, 1400 Yverdon-les-Bains"
676,Yvonand,"Rue des Vergers, 1462 Yvonand"
677,Zell,"Zelgmatte 2, 6144 Zell LU"
678,Zermatt,"Hofmattstrasse 12, 3920 Zermatt"
679,Zofingen,"Aarburgerstrasse 5, 4800 Zofingen"
680,Zollikofen,"Bernstrasse 103, 3052 Zollikofen"
681,Zollikon - Dorf,"Rotfluhstrasse 100, 8702 Zollikon"
682,Zuchwil,"Hauptstrasse 60-62, 4528 Zuchwil"
683,Zug - Metalli,"Baarerstrasse 22, 6300 Zug"
684,Zug Herti,"Hertizentrum 10, 6300 Zug"
685,Zumikon,"Dorfstrasse 17, 8126 Zumikon"
686,Zuzwil,"Herbergstrasse 17, 9524 Zuzwil SG"
687,Zweisimmen,"Thunstrasse 11, 3770 Zweisimmen"
688,Zürich - Affoltern,"Jonas-Furrer-Strasse 21, 8046 Zürich"
689,Zürich - Affoltern,"S-Bahn Riedenhaldenstrasse, 8046 Zürich"
690,Zürich - Airport,"Flughafen Zürich AG, 8058 Zürich - Flughafen"
691,Zürich - Albisriederplatz,"Badenerstrasse 376, 8004 Zürich"
695,Zürich - Albisriederstrasse,"Albisriederstrasse 253, 8047 Zürich"
696,Zürich - Altstetten Neumarkt,"Altstetterstrasse 145, 8048 Zürich"
697,Zürich - Bahnhof Enge,"Tessinerplatz 10, 8002 Zürich"
698,Zürich - Brunaupark,"Giesshübelstrasse 65, 8045 Zürich"
699,Zürich - City,"Löwenstrasse 31-35, 8001 Zürich"
700,Zürich - HB Sihlquai,"Sihlpassage, 8004 Zürich"
701,Zürich - Herdern,"Pfingstweidstrasse 101, 8005 Zürich"
702,Zürich - Höngg,"Regensdorferstrasse 20, 8049 Zürich"
703,Zürich - Höschgasse,"Seefeldstrasse 111-113, 8008 Zürich"
704,Zürich - Kreuzplatz,"Kreuzplatz 20, 8008 Zürich"
705,Zürich - Leimbach Sihlbogen,"Leimbachstrasse 23, 8041 Zürich"
706,Zürich - Limmatplatz,"Limmatstrasse 152, 8005 Zürich"
707,Zürich - Oerlikon Neumarkt,"Hofwiesenstrasse 350-354, 8050 Zürich"
708,Zürich - Puls 5 M-Express,"Hardturmstrasse 11, 8005 Zürich"
709,Zürich - Pünt,"Albisriederstrasse 365, 8047 Zürich"
710,Zürich - Rigiplatz,"Winterthurerstrasse 2-4, 8006 Zürich"
711,Zürich - Schmiede Wiedikon,"Birmensdorferstrasse 140, 8003 Zürich"
712,Zürich - Schwamendingen,"Winterthurerstrasse 524, 8051 Zürich"
713,Zürich - Seebach,"Schaffhauserstrasse 470, 8052 Zürich"
714,Zürich - Stadelhofen,"Falkenstrasse 19 - 21, 8008 Zürich"
715,Zürich - Wengihof,"Wengistrasse 7, 8004 Zürich"
716,Zürich - Wiedikon M-Märt,"Birmensdorferstrasse 320, 8055 Zürich"
717,Zürich - Witikon-Zentrum,"Witikonerstrasse 293, 8053 Zürich"
718,Zürich - Wollishofen,"Etzelstrasse 3, 8038 Zürich"
